﻿pos_x,pos_y,rotation,side,designator,mpn,pack,footprint,value,mount_type,place
45.51,-20.82,0.0,top,C1,,,C_0603_1608Metric,100nF,smt,True
45.51,-33.37,0.0,top,C10,,,C_0603_1608Metric,100nF,smt,True
49.52,-20.82,0.0,top,C11,,,C_0603_1608Metric,10uF,smt,True
177.35,-67.05,0.0,top,C12,,,C_0603_1608Metric,100nF,smt,True
77.795,-39.55,0.0,top,C13,,,CP_Elec_8x5.4,C_Polarized,smt,True
68.29,-20.82,0.0,top,C14,,,C_0603_1608Metric,C,smt,True
49.52,-23.33,0.0,top,C15,,,C_0603_1608Metric,10uF,smt,True
36.53,-61.18,0.0,top,C2,,,C_0603_1608Metric,100nF,smt,True
68.29,-23.33,0.0,top,C21,,,C_0603_1608Metric,100nF,smt,True
68.29,-25.84,0.0,top,C22,,,C_0603_1608Metric,100nF,smt,True
68.29,-28.35,0.0,top,C23,,,C_0603_1608Metric,100nF,smt,True
68.29,-30.86,0.0,top,C24,,,C_0603_1608Metric,100nF,smt,True
68.29,-33.37,0.0,top,C25,,,C_0603_1608Metric,100nF,smt,True
72.3,-20.82,0.0,top,C26,,,C_0603_1608Metric,100nF,smt,True
72.3,-23.33,0.0,top,C27,,,C_0603_1608Metric,100nF,smt,True
72.3,-25.84,0.0,top,C28,,,C_0603_1608Metric,100nF,smt,True
45.51,-23.33,0.0,top,C3,,,C_0603_1608Metric,10uF,smt,True
182.925,-46.1,-90.0,top,C35,,,C_0603_1608Metric,10uF,smt,True
181.225,-46.1,-90.0,top,C36,,,C_0603_1608Metric,100nF,smt,True
36.53,-76.24,0.0,top,C37,,,C_0603_1608Metric,10uF,smt,True
40.54,-61.18,0.0,top,C38,,,C_0603_1608Metric,100nF,smt,True
99.86,-29.98,0.0,top,C39,,,C_0603_1608Metric,100nF,smt,True
45.51,-25.84,0.0,top,C4,,,C_0603_1608Metric,10uF,smt,True
99.86,-32.49,0.0,top,C40,,,C_0603_1608Metric,10uF,smt,True
99.86,-35.0,0.0,top,C41,,,C_0603_1608Metric,100nF,smt,True
99.86,-37.51,0.0,top,C42,,,C_0603_1608Metric,10uF,smt,True
204.975,-69.425,-90.0,top,C5,,,C_0603_1608Metric,100nF,smt,True
36.53,-66.2,0.0,top,C6,,,C_0603_1608Metric,100nF,smt,True
36.53,-68.71,0.0,top,C7,,,C_0603_1608Metric,100nF,smt,True
45.51,-28.35,0.0,top,C8,,,C_0603_1608Metric,100nF,smt,True
45.51,-30.86,0.0,top,C9,,,C_0603_1608Metric,100nF,smt,True
54.085,-50.845,0.0,top,D4,,,Infineon_SG-WLL-2-3_0.58x0.28_P0.36mm,ESD,smt,True
54.085,-52.785,0.0,top,D5,,,Infineon_SG-WLL-2-3_0.58x0.28_P0.36mm,ESD,smt,True
187.425,-96.175,0.0,top,J1,,,657002130101,Conn_01x02,tht,True
129.25,-103.0,0.0,top,J14,,,66200411022,Conn_01x04,smt,True
23.035,-20.315,0.0,top,J2,,,66200411022,Conn_01x04,smt,True
23.035,-29.52,0.0,top,J3,,,66200411022,Conn_01x04,smt,True
23.035,-38.725,0.0,top,J4,,,66200411022,Conn_01x04,smt,True
212.25,-103.675,0.0,top,J5,,,657002130101,Conn_01x02,tht,True
42.94,-42.7,0.0,top,J6,,,66200211024,Conn_01x02,tht,False
23.035,-47.93,0.0,top,J7,,,66200411022,Conn_01x04,smt,True
60.11,-41.685,0.0,top,Q1,,,SOT-23-3,NMOS,smt,True
88.69,-53.535,0.0,top,Q2,,,SOT-23-3,NMOS,smt,True
88.69,-58.16,0.0,top,Q3,,,SOT-23-3,NMOS,smt,True
88.69,-62.785,0.0,top,Q4,,,SOT-23-3,NMOS,smt,True
38.25,-43.295,0.0,top,Q5,,,SOT-23-3,PMOS,smt,True
38.25,-47.92,0.0,top,Q6,,,SOT-23-3,PMOS,smt,True
24.86,-83.655,0.0,top,Q7,,,SOT-23-3,NMOS,smt,True
161.975,-57.575,0.0,top,R1,,,R_0603_1608Metric,1k,smt,True
181.525,-84.3875,90.0,top,R10,,,R_0805_2012Metric,52k3,smt,True
183.5,-86.2125,-90.0,top,R11,,,R_0805_2012Metric,52k3,smt,True
185.475,-88.0375,-90.0,top,R12,,,R_0805_2012Metric,52k3,smt,True
187.425,-89.8625,90.0,top,R13,,,R_0805_2012Metric,52k3,smt,True
84.11,-52.39,0.0,top,R14,,,R_0603_1608Metric,200R,smt,True
84.11,-54.9,0.0,top,R15,,,R_0603_1608Metric,200R,smt,True
84.11,-57.41,0.0,top,R16,,,R_0603_1608Metric,200R,smt,True
84.11,-59.92,0.0,top,R17,,,R_0603_1608Metric,10k,smt,True
84.11,-62.43,0.0,top,R18,,,R_0603_1608Metric,10k,smt,True
84.11,-64.94,0.0,top,R19,,,R_0603_1608Metric,10k,smt,True
201.225,-80.8125,90.0,top,R2,,,R_0805_2012Metric,52k3,smt,True
200.275,-75.65,0.0,top,R22,,,R_0603_1608Metric,1k,smt,True
203.05,-72.2,90.0,top,R23,,,R_0603_1608Metric,1k,smt,True
201.25,-69.225,180.0,top,R24,,,R_0603_1608Metric,12k,smt,True
40.54,-73.73,0.0,top,R25,,,R_0603_1608Metric,1k,smt,True
40.54,-76.24,0.0,top,R26,,,R_0603_1608Metric,1k,smt,True
44.55,-61.18,0.0,top,R27,,,R_0603_1608Metric,10k,smt,True
72.3,-28.35,0.0,top,R28,,,R_0603_1608Metric,30k,smt,True
49.52,-25.84,0.0,top,R29,,,R_0603_1608Metric,10k,smt,True
203.2,-84.2125,90.0,top,R3,,,R_0805_2012Metric,52k3,smt,True
49.52,-28.35,0.0,top,R30,,,R_0603_1608Metric,10k,smt,True
49.52,-30.86,0.0,top,R31,,,R_0603_1608Metric,10k,smt,True
72.3,-30.86,0.0,top,R35,,,R_0603_1608Metric,200R,smt,True
177.225,-69.85,180.0,top,R36,,,R_0603_1608Metric,12k,smt,True
118.775,-57.675,0.0,top,R37,,,R_0603_1608Metric,1k,smt,True
176.725,-75.675,0.0,top,R38,,,R_0603_1608Metric,1k,smt,True
205.125,-87.5875,90.0,top,R4,,,R_0805_2012Metric,52k3,smt,True
207.1,-90.9625,-90.0,top,R5,,,R_0805_2012Metric,52k3,smt,True
177.225,-65.225,180.0,top,R59,,,R_0603_1608Metric,1k,smt,True
209.05,-94.3125,-90.0,top,R6,,,R_0805_2012Metric,52k3,smt,True
162.0,-65.5,0.0,top,R60,,,R_0603_1608Metric,1k,smt,True
72.3,-33.37,0.0,top,R61,,,R_0603_1608Metric,10k,smt,True
76.31,-20.82,0.0,top,R62,,,R_0603_1608Metric,10k,smt,True
76.31,-23.33,0.0,top,R63,,,R_0603_1608Metric,33k,smt,True
76.31,-25.84,0.0,top,R64,,,R_0603_1608Metric,33k,smt,True
76.31,-28.35,0.0,top,R65,,,R_0603_1608Metric,10k,smt,True
76.31,-30.86,0.0,top,R66,,,R_0603_1608Metric,10k,smt,True
177.0,-57.75,180.0,top,R67,,,R_0603_1608Metric,1k,smt,True
211.075,-97.65,90.0,top,R7,,,R_0805_2012Metric,52k3,smt,True
49.52,-33.37,0.0,top,R78,,,R_0603_1608Metric,200R,smt,True
53.53,-20.82,0.0,top,R79,,,R_0603_1608Metric,200R,smt,True
177.625,-80.725,90.0,top,R8,,,R_0805_2012Metric,52k3,smt,True
53.53,-23.33,0.0,top,R80,,,R_0603_1608Metric,10k,smt,True
53.53,-25.84,0.0,top,R81,,,R_0603_1608Metric,10k,smt,True
44.55,-66.2,0.0,top,R82,,,R_0603_1608Metric,200R,smt,True
44.55,-68.71,0.0,top,R83,,,R_0603_1608Metric,10k,smt,True
76.31,-33.37,0.0,top,R84,,,R_0603_1608Metric,30k,smt,True
53.53,-28.35,0.0,top,R85,,,R_0603_1608Metric,30k,smt,True
53.53,-30.86,0.0,top,R86,,,R_0603_1608Metric,e,smt,True
80.32,-20.82,0.0,top,R87,,,R_0603_1608Metric,30k,smt,True
80.32,-23.33,0.0,top,R88,,,R_0603_1608Metric,e,smt,True
80.32,-25.84,0.0,top,R89,,,R_0603_1608Metric,e,smt,True
179.575,-82.5625,90.0,top,R9,,,R_0805_2012Metric,52k3,smt,True
80.32,-28.35,0.0,top,R90,,,R_0603_1608Metric,e,smt,True
200.225,-72.525,90.0,top,U1,,,SOT-23-6,OPA355NA,smt,True
61.91,-36.015,0.0,top,U10,,,TSSOP-14_4.4x5mm_P0.65mm,SN74HCS266PWR,smt,True
176.45,-72.7,90.0,top,U11,,,SOT-23-6,OPA355NA,smt,True
69.01,-46.275,0.0,top,U12,,,SC-74A-5_1.55x2.9mm_P0.95mm,74LVC1G32GV,smt,True
169.56,-66.745,180.0,top,U13,,,SMDIP-4_W9.53mm_Clearance8mm,SFH617A-1X007T,smt,True
60.11,-46.31,0.0,top,U14,,,SOT-23-6,OPA355NA,smt,True
70.2,-122.5,-90.0,top,U15,,,Converter_DCDC_TRACO_TBA1-xxxxE_Single_THT,TBA1-1211E,tht,True
162.59,-51.22,90.0,top,U16,,,Converter_DCDC_TRACO_TBA1-xxxxE_Single_THT,TBA1-0511E,tht,True
162.5675,-44.3825,90.0,top,U17,,,Converter_DCDC_TRACO_TBA1-xxxxE_Single_THT,TBA1-0511E,tht,True
37.735,-52.655,0.0,top,U18,,,Nexperia_HUSON-16_USON-16-1EP_1.35x3.3mm_P0.4mm_EP0.4x2.8mm,IP4252CZ16,smt,True
58.285,-51.885,0.0,top,U19,,,AZ9371,~,tht,False
47.74,-53.905,0.0,top,U2,,,TO-252-2,L7805,smt,True
66.475,-51.885,0.0,top,U20,,,AZ9371,~,tht,False
74.665,-51.885,0.0,top,U21,,,AZ9371,~,tht,False
75.21,-46.815,0.0,top,U3,,,TSSOP-8_3x3mm_P0.65mm,74LVC2G74,smt,True
169.61,-58.995,180.0,top,U4,,,SMDIP-4_W9.53mm_Clearance8mm,SFH617A-1X007T,smt,True
38.75,-87.5,0.0,top,U5,,,SOIC-8_3.9x4.9mm_P1.27mm,NE555D,smt,True
61.91,-22.865,0.0,top,U6,,,TSSOP-14_4.4x5mm_P0.65mm,CD74HC30PWR,smt,True
61.91,-29.44,0.0,top,U7,,,TSSOP-14_4.4x5mm_P0.65mm,4072,smt,True
69.01,-37.025,0.0,top,U8,,,SC-74A-5_1.55x2.9mm_P0.95mm,4001,smt,True
69.01,-41.65,0.0,top,U9,,,SC-74A-5_1.55x2.9mm_P0.95mm,74LVC1G32GV,smt,True
