﻿pos_x,pos_y,rotation,side,designator,mpn,pack,footprint,value,mount_type,place
192.175,-120.9,0.0,top,C1,,,C_0603_1608Metric,100nF,smt,True
187.2,-100.025,90.0,top,C10,,,C_0603_1608Metric,100nF,smt,True
182.7,-100.0,90.0,top,C11,,,C_0603_1608Metric,10uF,smt,True
214.4,-86.2,180.0,top,C12,,,C_0603_1608Metric,100nF,smt,True
172.975,-113.0,0.0,top,C13,,,C_0603_1608Metric,C_Polarized,smt,True
173.1,-116.7,180.0,top,C14,,,C_0603_1608Metric,C,smt,True
188.7,-100.025,90.0,top,C15,,,C_0603_1608Metric,10uF,smt,True
165.625,-106.2,0.0,top,C21,,,C_0603_1608Metric,100nF,smt,True
175.025,-109.1,0.0,top,C22,,,C_0603_1608Metric,100nF,smt,True
159.3,-90.725,-90.0,top,C23,,,C_0603_1608Metric,100nF,smt,True
165.2,-92.5,90.0,top,C24,,,C_0603_1608Metric,100nF,smt,True
175.275,-103.1,0.0,top,C25,,,C_0603_1608Metric,100nF,smt,True
168.175,-100.2,0.0,top,C26,,,C_0603_1608Metric,100nF,smt,True
179.225,-118.1,0.0,top,C27,,,C_0603_1608Metric,100nF,smt,True
166.275,-113.6,180.0,top,C28,,,C_0603_1608Metric,100nF,smt,True
184.2,-100.025,90.0,top,C3,,,C_0603_1608Metric,10uF,smt,True
195.7,-86.525,-90.0,top,C30,,,C_0603_1608Metric,100nF,smt,True
193.89,-86.5,-90.0,top,C31,,,C_0603_1608Metric,10uF,smt,True
218.9,-75.925,-90.0,top,C32,,,C_0603_1608Metric,10uF,smt,True
217.3,-75.925,-90.0,top,C33,,,C_0603_1608Metric,100nF,smt,True
192.175,-119.4,0.0,top,C4,,,C_0603_1608Metric,10uF,smt,True
185.7,-100.025,90.0,top,C8,,,C_0603_1608Metric,100nF,smt,True
181.2,-100.0,90.0,top,C9,,,C_0603_1608Metric,100nF,smt,True
183.615,-123.2,180.0,top,D5,,,Infineon_SG-WLL-2-3_0.58x0.28_P0.36mm,ESD,smt,True
243.015,-94.29,0.0,top,H1,,,MountingHole_3.2mm_M3,MountingHole,tht,False
243.015,-102.24,0.0,top,H2,,,MountingHole_3.2mm_M3,MountingHole,tht,False
129.3,-129.4,0.0,top,H3,,,MountingHole_3.2mm_M3,MountingHole,tht,False
243.015,-110.19,0.0,top,H4,,,MountingHole_3.2mm_M3,MountingHole,tht,False
132.3,-80.2,0.0,top,H5,,,MountingHole_3.2mm_M3,MountingHole,tht,False
223.2,-118.3,0.0,top,J1,,,657002130101,Conn_01x02,tht,True
173.99,-76.2,-90.0,top,J10,,,IDC-Header_2x05_P2.54mm_Latch6.5mm_Vertical,Conn_01x10,tht,True
189.81,-122.19,0.0,top,J14,,,66200421022,Conn_01x04,tht,True
154.3425,-121.395,0.0,top,J2,,,66200421022,Conn_01x04,tht,True
133.07,-121.1925,0.0,top,J3,,,66200421022,Conn_01x04,tht,True
143.69,-121.34,0.0,top,J4,,,66200421022,Conn_01x04,tht,True
168.5,-126.28,0.0,top,J5,,,66200211024,Conn_01x02,tht,False
178.8,-86.7,180.0,top,J6,,,JST_XH_B2B-XH-A_1x02_P2.50mm_Vertical,Conn_01x02,tht,False
180.5,-125.98,0.0,top,J7,,,66200211024,Conn_01x02,tht,False
180.2625,-110.1,0.0,top,Q1,,,SOT-23-3,NMOS,smt,True
135.29,-93.2,-90.0,top,Q2,,,SOT-23-3,NMOS,smt,True
143.69,-93.2,-90.0,top,Q3,,,SOT-23-3,NMOS,smt,True
151.99,-93.3,-90.0,top,Q4,,,SOT-23-3,NMOS,smt,True
184.1,-119.25,90.0,top,Q5,,,SOT-23-3,PMOS,smt,True
183.7,-84.8,90.0,top,Q6,,,SOT-23-3,NMOS,smt,True
186.2,-85.325,90.0,top,R1,,,R_0603_1608Metric,10k,smt,True
229.12,-93.3825,90.0,top,R10,,,R_0805_2012Metric,52k3,smt,True
229.12,-99.3575,-90.0,top,R11,,,R_0805_2012Metric,52k3,smt,True
229.12,-105.3575,-90.0,top,R12,,,R_0805_2012Metric,52k3,smt,True
229.12,-111.7825,90.0,top,R13,,,R_0805_2012Metric,52k3,smt,True
134.39,-88.025,-90.0,top,R14,,,R_0603_1608Metric,200R,smt,True
142.89,-87.9125,-90.0,top,R15,,,R_0603_1608Metric,200R,smt,True
151.09,-87.975,-90.0,top,R16,,,R_0603_1608Metric,200R,smt,True
135.165,-90.3,0.0,top,R17,,,R_0603_1608Metric,10k,smt,True
143.615,-90.2375,0.0,top,R18,,,R_0603_1608Metric,10k,smt,True
151.865,-90.4,0.0,top,R19,,,R_0603_1608Metric,10k,smt,True
183.775,-87.7,0.0,top,R2,,,R_0603_1608Metric,200R,smt,True
135.475,-118.9,0.0,top,R28,,,R_0603_1608Metric,30k,smt,True
132.0,-124.975,-90.0,top,R29,,,R_0603_1608Metric,10k,smt,True
142.7,-125.175,-90.0,top,R30,,,R_0603_1608Metric,10k,smt,True
153.5,-125.2,-90.0,top,R31,,,R_0603_1608Metric,10k,smt,True
175.325,-105.0,0.0,top,R35,,,R_0603_1608Metric,200R,smt,True
214.475,-83.0,180.0,top,R36,,,R_0603_1608Metric,12k,smt,True
214.475,-84.57,0.0,top,R37,,,R_0603_1608Metric,1k,smt,True
221.795,-81.37,0.0,top,R38,,,R_0603_1608Metric,1k,smt,True
210.025,-82.6,180.0,top,R59,,,R_0603_1608Metric,1k,smt,True
194.72,-82.395,-90.0,top,R60,,,R_0603_1608Metric,1k,smt,True
180.8,-113.5,0.0,top,R61,,,R_0603_1608Metric,10k,smt,True
177.0,-106.5,180.0,top,R62,,,R_0603_1608Metric,10k,smt,True
171.575,-111.3,0.0,top,R63,,,R_0603_1608Metric,33k,smt,True
166.225,-115.1,0.0,top,R64,,,R_0603_1608Metric,33k,smt,True
166.225,-116.6,180.0,top,R65,,,R_0603_1608Metric,10k,smt,True
173.075,-115.2,0.0,top,R66,,,R_0603_1608Metric,10k,smt,True
180.0,-115.8,-90.0,top,R78,,,R_0603_1608Metric,200R,smt,True
229.12,-82.2825,90.0,top,R8,,,R_0805_2012Metric,52k3,smt,True
181.6,-115.775,-90.0,top,R81,,,R_0603_1608Metric,10k,smt,True
143.275,-118.8,0.0,top,R84,,,R_0603_1608Metric,30k,smt,True
159.2,-119.775,90.0,top,R85,,,R_0603_1608Metric,30k,smt,True
161.425,-119.0,0.0,top,R86,,,R_0603_1608Metric,e,smt,True
152.6,-118.8,0.0,top,R87,,,R_0603_1608Metric,30k,smt,True
138.525,-118.9,180.0,top,R88,,,R_0603_1608Metric,e,smt,True
146.325,-118.8,180.0,top,R89,,,R_0603_1608Metric,e,smt,True
229.12,-87.3825,90.0,top,R9,,,R_0805_2012Metric,52k3,smt,True
155.575,-118.8,180.0,top,R90,,,R_0603_1608Metric,e,smt,True
161.9375,-109.75,0.0,top,U10,,,TSSOP-14_4.4x5mm_P0.65mm,SN74HCS266PWR,smt,True
218.0575,-85.57,180.0,top,U11,,,SOT-23-6,OPA355NA,smt,True
171.25,-108.7,0.0,top,U12,,,SC-74A-5_1.55x2.9mm_P0.95mm,74LVC1G32GV,smt,True
202.52,-83.97,180.0,top,U13,,,SMDIP-4_W9.53mm_Clearance8mm,SFH617A-1X007T,smt,True
169.75,-114.2375,90.0,top,U14,,,SOT-23-6,OPA355NA,smt,True
191.4,-115.7,180.0,top,U15,,,Converter_DCDC_TRACO_TBA1-xxxxE_Single_THT,TBA1-1211E,tht,True
169.1,-84.275,-90.0,top,U18,,,Nexperia_HUSON-16_USON-16-1EP_1.35x3.3mm_P0.4mm_EP0.4x2.8mm,IP4252CZ16,smt,True
140.84,-96.18,180.0,bottom,U19,,,AZ9371,~,tht,False
185.875,-108.04,-90.0,top,U2,,,TO-252-2,L7805,smt,True
148.44,-96.13,180.0,bottom,U20,,,AZ9371,~,tht,False
156.045,-96.18,180.0,bottom,U21,,,AZ9371,~,tht,False
198.0,-75.2,90.0,top,U22,,,Converter_DCDC_TRACO_TBA1-xxxxE_Single_THT,TBA1-0511E,tht,True
176.4,-113.4,-90.0,top,U3,,,TSSOP-8_3x3mm_P0.65mm,74LVC2G74,smt,True
161.7,-102.6,0.0,top,U6,,,TSSOP-14_4.4x5mm_P0.65mm,CD74HC30PWR,smt,True
161.6625,-96.75,0.0,top,U7,,,TSSOP-14_4.4x5mm_P0.65mm,4072,smt,True
161.75,-91.45,90.0,top,U8,,,SC-74A-5_1.55x2.9mm_P0.95mm,4001,smt,True
171.55,-104.05,0.0,top,U9,,,SC-74A-5_1.55x2.9mm_P0.95mm,74LVC1G32GV,smt,True
