﻿Designator,Quantity,Value,Footprint,Package,MPN,DNP,Mount_Type,Description,Mouser,Sim.Device,Sim.Type,Sim.Pins,Cost
"C1, C10, C12, C2, C21, C22, C23, C24, C25, C26, C27, C28, C36, C38, C39, C41, C5, C6, C7, C8, C9",21,100nF,C_0603_1608Metric,,,,smt,"[C6,C7]Unpolarized capacitor; [C8,C9]Unpolarized capacitor, small symbol",,,,,
"C11, C15, C3, C35, C37, C4, C40, C42",8,10uF,C_0603_1608Metric,,,,smt,"[C3]Unpolarized capacitor, small symbol; [C35,C37,C4,C40,C42]Polarized capacitor",,,,,
C13,1,C_Polarized,CP_Elec_8x5.4,,,,smt,Polarized capacitor,,,,,
C14,1,C,C_0603_1608Metric,,,,smt,Unpolarized capacitor,,,,,
"D4, D5",2,ESD,Infineon_SG-WLL-2-3_0.58x0.28_P0.36mm,,,,smt,"Bidirectional ESD protection diode, +/-5.5Vrwm, 0.23pF, SG-WLL-2-3",726-ESD131B1W0201E63,,,,
"J1, J5",2,Conn_01x02,657002130101,,,,tht,"Generic connector, single row, 01x02, script generated (kicad-library-utils/schlib/autogen/connector/)",710-657002130101,,,,
"J14, J2, J3, J4, J7",5,Conn_01x04,66200411022,,,,smt,"Generic connector, single row, 01x04, script generated (kicad-library-utils/schlib/autogen/connector/)",710-66200421022,,,,
J6,1,Conn_01x02,66200211024,,,,tht,"Generic connector, single row, 01x02, script generated (kicad-library-utils/schlib/autogen/connector/)",,,,,
"Q1, Q2, Q3, Q4, Q7",5,NMOS,SOT-23-3,,,,smt,"N-MOSFET transistor, drain/source/gate",726-BSS316NH6327,NMOS,VDMOS,1=D 2=G 3=S,
"Q5, Q6",2,PMOS,SOT-23-3,,,,smt,"P-MOSFET transistor, drain/source/gate",,PMOS,VDMOS,1=D 2=G 3=S,
"R1, R22, R23, R25, R26, R37, R38, R59, R60, R67",10,1k,R_0603_1608Metric,,,,smt,Resistor,,,,,
"R10, R11, R12, R13, R2, R3, R4, R5, R6, R7, R8, R9",12,52k3,R_0805_2012Metric,,,,smt,Resistor,603-RT0805DRD0752K3L,,,,0.05
"R14, R15, R16, R35, R78, R79, R82",7,200R,R_0603_1608Metric,,,,smt,Resistor,,,,,
"R17, R18, R19, R27, R29, R30, R31, R61, R62, R65, R66, R80, R81, R83",14,10k,R_0603_1608Metric,,,,smt,Resistor,,,,,
"R24, R36",2,12k,R_0603_1608Metric,,,,smt,Resistor,,,,,
"R28, R84, R85, R87",4,30k,R_0603_1608Metric,,,,smt,Resistor,,,,,
"R63, R64",2,33k,R_0603_1608Metric,,,,smt,Resistor,,,,,
"R86, R88, R89, R90",4,e,R_0603_1608Metric,,,,smt,Resistor,,,,,
"U1, U11, U14",3,OPA355NA,SOT-23-6,,,,smt,"200MHz, CMOS, Operational amplifier, with shutdown, SOT-23-6",595-OPA355NA/3K,,,,"1,62"
U10,1,SN74HCS266PWR,TSSOP-14_4.4x5mm_P0.65mm,,,,smt,,595-SN74HCS266PWR,,,,"0,326"
"U12, U9",2,74LVC1G32GV,SC-74A-5_1.55x2.9mm_P0.95mm,,,,smt,Logic Gates 74LVC1G32GV/SOT753/SO5,771-LVC1G32GV125,,,,"0,205"
"U13, U4",2,SFH617A-1X007T,SMDIP-4_W9.53mm_Clearance8mm,,,,smt,"Optocoupler, Phototransistor Output, 5300 VRMS, VCEO 70V, CTR% 40-80, -55 to +110 degree Celsius, UL, BSI, FIMKO, cUL, 8mm clearence SMD PDIP-4",710-140357145300,,,,"0,27"
U15,1,TBA1-1211E,Converter_DCDC_TRACO_TBA1-xxxxE_Single_THT,,,,tht,"1W DC/DC converter unregulated, 10.8-13.2V input, 5V fixed output voltage, 200mA output, 1.5kVDC isolation, SIP-7",495-TBA1-1219HI,,,,3.50
"U16, U17",2,TBA1-0511E,Converter_DCDC_TRACO_TBA1-xxxxE_Single_THT,,,,tht,"1W DC/DC converter unregulated, 4.5-5.5V input, 5V fixed output voltage, 200mA output, 1.5kVDC isolation, SIP-7",495-TBA1-0511E,,,,
U18,1,IP4252CZ16,Nexperia_HUSON-16_USON-16-1EP_1.35x3.3mm_P0.4mm_EP0.4x2.8mm,,,,smt,"8 channel EMI filters with integrated ESD protection,  12 pF, 40 Ohm",771-IP4252CZ168TTL1,,,,
"U19, U20, U21",3,~,AZ9371,,,,tht,,,,,,
U2,1,L7805,TO-252-2,,,,smt,"Positive 1.5A 35V Linear Regulator, Fixed Output 5V, TO-220/TO-263/TO-252",511-L7805ABD2T-TR,,,,"0,949"
U3,1,74LVC2G74,TSSOP-8_3x3mm_P0.65mm,,,,smt,"74AUC1G74, Single D Flip-Flop, Low-Voltage CMOS",771-74LVC2G74DP-G,,,,"0,316"
U5,1,NE555D,SOIC-8_3.9x4.9mm_P1.27mm,,,,smt,"Precision Timers, 555 compatible, SOIC-8",595-NE555DR,,,,"0,40"
U6,1,CD74HC30PWR,TSSOP-14_4.4x5mm_P0.65mm,,,,smt,Logic Gates Hi-Speed CMOS Logic 8-Input NAND Gate,595-CD74HC30PWR,,,,"0,353"
U7,1,4072,TSSOP-14_4.4x5mm_P0.65mm,,,,smt,Logic Gates CMOS Dual 4-Input OR,595-CD4072BPW,,,,"0,474"
U8,1,4001,SC-74A-5_1.55x2.9mm_P0.95mm,,,,smt,,771-LVC1G32GV125,,,,"0,205"
